
-- Inserções para Funcionários

INSERT INTO `funcionarios`(`cod`, `nome`, `nivel`, `login`, `senha`, `foto_url`) 
VALUES (null,'Jean fabricio batista santos',1,'jeanfbs','40bd001563085fc35165329ea1ff5c5ecbdbbeef',null);
INSERT INTO `funcionarios`(`cod`, `nome`, `nivel`, `login`, `senha`, `foto_url`) 
VALUES (null,'Juliana Cristina Oliveira',1,'juli','40bd001563085fc35165329ea1ff5c5ecbdbbeef',null);
INSERT INTO `funcionarios`(`cod`, `nome`, `nivel`, `login`, `senha`, `foto_url`) 
VALUES (null,'Leonardo Batista Freitas Macedo',1,'leo123','40bd001563085fc35165329ea1ff5c5ecbdbbeef',null);
INSERT INTO `funcionarios`(`cod`, `nome`, `nivel`, `login`, `senha`, `foto_url`) 
VALUES (null,'Fabiana Lima de Oliveira Marques',1,'bia33','40bd001563085fc35165329ea1ff5c5ecbdbbeef',null);
INSERT INTO `funcionarios`(`cod`, `nome`, `nivel`, `login`, `senha`, `foto_url`) 
VALUES (null,'Guilherme Antonio Martins Neto',1,'guilherme','40bd001563085fc35165329ea1ff5c5ecbdbbeef',null);

INSERT INTO `funcionarios`(`cod`, `nome`, `nivel`, `login`, `senha`, `foto_url`) 
VALUES (null,'Fabio Mendes de Oliveira',2,'fabin','40bd001563085fc35165329ea1ff5c5ecbdbbeef',null);
INSERT INTO `funcionarios`(`cod`, `nome`, `nivel`, `login`, `senha`, `foto_url`) 
VALUES (null,'Gabriel Matheus de fatima',2,'biel12','40bd001563085fc35165329ea1ff5c5ecbdbbeef',null);
INSERT INTO `funcionarios`(`cod`, `nome`, `nivel`, `login`, `senha`, `foto_url`) 
VALUES (null,'Gisele Mendes de Santos',2,'Gisele','40bd001563085fc35165329ea1ff5c5ecbdbbeef',null);
INSERT INTO `funcionarios`(`cod`, `nome`, `nivel`, `login`, `senha`, `foto_url`) 
VALUES (null,'Gabriene Aparecida Martins',2,'briene','40bd001563085fc35165329ea1ff5c5ecbdbbeef',null);
INSERT INTO `funcionarios`(`cod`, `nome`, `nivel`, `login`, `senha`, `foto_url`) 
VALUES (null,'Gaio de Oliveira',2,'gaio','40bd001563085fc35165329ea1ff5c5ecbdbbeef',null);

INSERT INTO `funcionarios`(`cod`, `nome`, `nivel`, `login`, `senha`, `foto_url`) 
VALUES (null,'Gustavo Gomes de Fatima Mendes',3,'jeanfbs','40bd001563085fc35165329ea1ff5c5ecbdbbeef',null);
INSERT INTO `funcionarios`(`cod`, `nome`, `nivel`, `login`, `senha`, `foto_url`) 
VALUES (null,'Garcia Fatima Mendes',3,'Garcia','40bd001563085fc35165329ea1ff5c5ecbdbbeef',null);
INSERT INTO `funcionarios`(`cod`, `nome`, `nivel`, `login`, `senha`, `foto_url`) 
VALUES (null,'Garnier Gomes Santos',3,'garnier','40bd001563085fc35165329ea1ff5c5ecbdbbeef',null);
INSERT INTO `funcionarios`(`cod`, `nome`, `nivel`, `login`, `senha`, `foto_url`) 
VALUES (null,'Horion Ares de Avila',3,'jeanfbs','40bd001563085fc35165329ea1ff5c5ecbdbbeef',null);
INSERT INTO `funcionarios`(`cod`, `nome`, `nivel`, `login`, `senha`, `foto_url`) 
VALUES (null,'Jonathan Fernandes Diaz',3,'jon','40bd001563085fc35165329ea1ff5c5ecbdbbeef',null);
INSERT INTO `funcionarios`(`cod`, `nome`, `nivel`, `login`, `senha`, `foto_url`) 
VALUES (null,'Harry Scates Marry',3,'Harry','40bd001563085fc35165329ea1ff5c5ecbdbbeef',null);

-- Iserções de Bebidas 

INSERT INTO `bebidas`(`cod`, `nome`, `valor`, `foto_url`, `deletada`) 
VALUES (null,'Guaraná Mineiro 2L',3.50,null,0);
INSERT INTO `bebidas`(`cod`, `nome`, `valor`, `foto_url`, `deletada`) 
VALUES (null,'AquaFresh 800 ml',1.20,null,0);
INSERT INTO `bebidas`(`cod`, `nome`, `valor`, `foto_url`, `deletada`) 
VALUES (null,'Coca Cola 300 ml',2.25,null,0);
INSERT INTO `bebidas`(`cod`, `nome`, `valor`, `foto_url`, `deletada`) 
VALUES (null,'Charrua 1L',2.00,null,0);
INSERT INTO `bebidas`(`cod`, `nome`, `valor`, `foto_url`, `deletada`) 
VALUES (null,'Fanta 2L',3.00,null,0);
INSERT INTO `bebidas`(`cod`, `nome`, `valor`, `foto_url`, `deletada`) 
VALUES (null,'Fruki 800ml',3.50,null,0);
INSERT INTO `bebidas`(`cod`, `nome`, `valor`, `foto_url`, `deletada`) 
VALUES (null,'Gatorade 800 ml',1.20,null,0);
INSERT INTO `bebidas`(`cod`, `nome`, `valor`, `foto_url`, `deletada`) 
VALUES (null,'Coca Cola Zero 300 ml',2.25,null,0);
INSERT INTO `bebidas`(`cod`, `nome`, `valor`, `foto_url`, `deletada`) 
VALUES (null,'Pepsi 1L',2.00,null,0);
INSERT INTO `bebidas`(`cod`, `nome`, `valor`, `foto_url`, `deletada`) 
VALUES (null,'Sukita 2L',3.00,null,0);
INSERT INTO `bebidas`(`cod`, `nome`, `valor`, `foto_url`, `deletada`) 
VALUES (null,'Atomic 800ml',3.50,null,0);
INSERT INTO `bebidas`(`cod`, `nome`, `valor`, `foto_url`, `deletada`) 
VALUES (null,'Agua Mineral 800ml',3.50,null,0);
INSERT INTO `bebidas`(`cod`, `nome`, `valor`, `foto_url`, `deletada`) 
VALUES (null,'Mineiro 300 ml',2.25,null,0);
INSERT INTO `bebidas`(`cod`, `nome`, `valor`, `foto_url`, `deletada`) 
VALUES (null,'Coca Cola 1L',2.00,null,0);
INSERT INTO `bebidas`(`cod`, `nome`, `valor`, `foto_url`, `deletada`) 
VALUES (null,'Kuat 2L',3.00,null,0);
INSERT INTO `bebidas`(`cod`, `nome`, `valor`, `foto_url`, `deletada`) 
VALUES (null,'Sprite 800 ml',1.20,null,1);
INSERT INTO `bebidas`(`cod`, `nome`, `valor`, `foto_url`, `deletada`) 
VALUES (null,'Agua com Gás 800 ml',3.20,null,1);
INSERT INTO `bebidas`(`cod`, `nome`, `valor`, `foto_url`, `deletada`) 
VALUES (null,'Tônico 300 ml',3.25,null,1);
INSERT INTO `bebidas`(`cod`, `nome`, `valor`, `foto_url`, `deletada`) 
VALUES (null,'H2O 600 ml',2.00,null,1);
INSERT INTO `bebidas`(`cod`, `nome`, `valor`, `foto_url`, `deletada`) 
VALUES (null,'Burn Energético 800 ml',3.00,null,1);


-- Inserções Clientes

INSERT INTO `clientes` (`cod`, `login`, `senha`, `nome`, `endereco`, `telefone`, `email`, `latitude`, `longitude`, `data`, `cidade`) VALUES
(1, 'jcavalcante', '40bd001563085fc35165329ea1ff5c5ecbdbbeef', 'João Cavalcante', 'Rua das Camomilas Nº 210', '(034) 32112-8978', 'jcavalcante@teste.com', 18, 11, NULL, 'Uberlandia'),
(2, 'joliveira', '40bd001563085fc35165329ea1ff5c5ecbdbbeef', 'José Oliveira', 'Rua Doutor Freire Nº 360', '(11) 555-1165', 'joliveira@teste.com', 13, 16, NULL, 'Uberlandia'),
(3, 'coliveira', '40bd001563085fc35165329ea1ff5c5ecbdbbeef', 'Cláudio de Oliveira', 'Rua Profº Maria Antonia Castilho Nº 2110', '(11) 12555-2531', 'coliveira@teste.com', -28, -11, NULL, 'Uberlandia'),
(4, 'msantos', '40bd001563085fc35165329ea1ff5c5ecbdbbeef', 'Marcos Santos', 'Rua Bahia Nº 89', '(11) 12555-2531', 'msantos@teste.com', -15, 56, NULL, 'Uberlandia'),
(5, 'asilva', '40bd001563085fc35165329ea1ff5c5ecbdbbeef', 'Antônio da Silva', 'Rua Tamoios Nº 1213', '(11) 555-2023', 'asilva@teste.com', 24, 27, NULL, 'Uberlandia'),
(6, 'tsilva', '40bd001563085fc35165329ea1ff5c5ecbdbbeef', 'Tatiana Pereira da Silva', 'Rua Eduardo Marques Nº 1212', '(11) 12555-2531', 'tsilva@teste.com', -28, -15, NULL, 'Uberlandia'),
(7, 'rcavalcante', '40bd001563085fc35165329ea1ff5c5ecbdbbeef', 'Ronaldo Souza Cavalcante', 'Rua dos Eucaliptos Nº 1212', '(11) 12555-2531', 'rcavalcante@teste.com', 0, 0, NULL, 'Uberlandia'),
(8, 'rsilva', '40bd001563085fc35165329ea1ff5c5ecbdbbeef', 'Roberto Silva', 'Rua dos Eucaliptos Nº 1212', '(11) 12555-2531', 'rsilva@teste.com', -12, 6.45, '2016-01-03', 'Uberlandia'),
(9, 'mpereira', '40bd001563085fc35165329ea1ff5c5ecbdbbeef', 'Marta Pereira', 'Rua dos Eucaliptos Nº 1212', '(11) 12555-2531', 'mpereira@teste.com', -18, 29.44, '2016-01-24', 'Uberlandia'),
(10, 'asouza', '40bd001563085fc35165329ea1ff5c5ecbdbbeef', 'Ana Maria Souza', 'Rua dos Eucaliptos Nº 1212', '(11) 12555-2531', 'asouza@teste.com', 12.56, 10.7654, '2016-01-11', 'Uberlandia'),
(11, NULL, NULL, 'Patrícia Pereira', 'Rua Eduardo Marques Nº 1212', '(11) 12555-2531', NULL, 0, 0, '2016-01-21', 'Uberlandia'),
(12, NULL, NULL, 'Tarsila Ferreira', 'Rua Eduardo Marques Nº 1212', '(11) 12555-2531', NULL, 0, 0, '2016-02-19', 'Uberlandia'),
(13, NULL, NULL, 'Francisco Silva', 'Rua Eduardo Marques Nº 1212', '(11) 12555-2531', NULL, 0, 0, '2016-02-27', 'Uberlandia'),
(14, NULL, NULL, 'Ana Cláudia Silva', 'Rua Eduardo Marques Nº 1212', '(11) 12555-2531', NULL, 0, 0, '2016-02-24', 'Uberlandia'),
(15, NULL, NULL, 'Ana Carolina Rodrigues', 'Rua Eduardo Marques Nº 1212', '(11) 12555-2531', NULL, 0, 0, '2015-07-08', 'Uberlandia');

-- Inserções de Produtos

INSERT INTO `produtos`(`cod`, `nome`, `deletada`) VALUES (null,'Arroz Branco',0);
INSERT INTO `produtos`(`cod`, `nome`, `deletada`) VALUES (null,'Espaguete',0);
INSERT INTO `produtos`(`cod`, `nome`, `deletada`) VALUES (null,'Gravatinha',0);
INSERT INTO `produtos`(`cod`, `nome`, `deletada`) VALUES (null,'Penne',0);
INSERT INTO `produtos`(`cod`, `nome`, `deletada`) VALUES (null,'nhoque',0);
INSERT INTO `produtos`(`cod`, `nome`, `deletada`) VALUES (null,'raviolli',0);
INSERT INTO `produtos`(`cod`, `nome`, `deletada`) VALUES (null,'panqueca',0);
INSERT INTO `produtos`(`cod`, `nome`, `deletada`) VALUES (null,'frango',0);
INSERT INTO `produtos`(`cod`, `nome`, `deletada`) VALUES (null,'carne de vaca',0);
INSERT INTO `produtos`(`cod`, `nome`, `deletada`) VALUES (null,'carne de porco',0);
INSERT INTO `produtos`(`cod`, `nome`, `deletada`) VALUES (null,'Feijão',0);
INSERT INTO `produtos`(`cod`, `nome`, `deletada`) VALUES (null,'Tomate',0);
INSERT INTO `produtos`(`cod`, `nome`, `deletada`) VALUES (null,'Alface',0);
INSERT INTO `produtos`(`cod`, `nome`, `deletada`) VALUES (null,'Cebola',0);
INSERT INTO `produtos`(`cod`, `nome`, `deletada`) VALUES (null,'Bacon',0);
INSERT INTO `produtos`(`cod`, `nome`, `deletada`) VALUES (null,'Calabresa',0);
INSERT INTO `produtos`(`cod`, `nome`, `deletada`) VALUES (null,'Alho',0);
INSERT INTO `produtos`(`cod`, `nome`, `deletada`) VALUES (null,'Presunto',0);
INSERT INTO `produtos`(`cod`, `nome`, `deletada`) VALUES (null,'Azeitona Verde',0);
INSERT INTO `produtos`(`cod`, `nome`, `deletada`) VALUES (null,'Ervilha',0);
INSERT INTO `produtos`(`cod`, `nome`, `deletada`) VALUES (null,'Milho',0);
INSERT INTO `produtos`(`cod`, `nome`, `deletada`) VALUES (null,'Brócolis',0);
INSERT INTO `produtos`(`cod`, `nome`, `deletada`) VALUES (null,'Tomate Seco',0);
INSERT INTO `produtos`(`cod`, `nome`, `deletada`) VALUES (null,'Alcaparra',0);
INSERT INTO `produtos`(`cod`, `nome`, `deletada`) VALUES (null,'Uva Passa',0);
INSERT INTO `produtos`(`cod`, `nome`, `deletada`) VALUES (null,'Salsa',0);
INSERT INTO `produtos`(`cod`, `nome`, `deletada`) VALUES (null,'Orégano',0);
INSERT INTO `produtos`(`cod`, `nome`, `deletada`) VALUES (null,'Pimenta Calabresa',0);
INSERT INTO `produtos`(`cod`, `nome`, `deletada`) VALUES (null,'Manjericão',0);
INSERT INTO `produtos`(`cod`, `nome`, `deletada`) VALUES (null,'Óleo 1L',0);
INSERT INTO `produtos`(`cod`, `nome`, `deletada`) VALUES (null,'Queijo',0);
INSERT INTO `produtos`(`cod`, `nome`, `deletada`) VALUES (null,'Leite',0);
INSERT INTO `produtos`(`cod`, `nome`, `deletada`) VALUES (null,'Ovos',0);
INSERT INTO `produtos`(`cod`, `nome`, `deletada`) VALUES (null,'Batata Palha',0);
INSERT INTO `produtos`(`cod`, `nome`, `deletada`) VALUES (null,'Molho Bolonhesa',0);
INSERT INTO `produtos`(`cod`, `nome`, `deletada`) VALUES (null,'Molho ao Sugo',0);
INSERT INTO `produtos`(`cod`, `nome`, `deletada`) VALUES (null,'Molho Branco',0);
INSERT INTO `produtos`(`cod`, `nome`, `deletada`) VALUES (null,'Molho 4 Queijos',0);
INSERT INTO `produtos`(`cod`, `nome`, `deletada`) VALUES (null,'Molho Alho e Óleo',0);
INSERT INTO `produtos`(`cod`, `nome`, `deletada`) VALUES (null,'Ketchup',1);
INSERT INTO `produtos`(`cod`, `nome`, `deletada`) VALUES (null,'Batata',1);
INSERT INTO `produtos`(`cod`, `nome`, `deletada`) VALUES (null,'Estrato de Tomate',1);

-- Inserções de Categorias de Adicionais
INSERT INTO `categorias`(`cod`, `nome`, `deletada`) VALUES (null,'Molho',0);
INSERT INTO `categorias`(`cod`, `nome`, `deletada`) VALUES (null,'Guarnições',0);
INSERT INTO `categorias`(`cod`, `nome`, `deletada`) VALUES (null,'Temperos Secos',0);
INSERT INTO `categorias`(`cod`, `nome`, `deletada`) VALUES (null,'temperos Picantes',0);
INSERT INTO `categorias`(`cod`, `nome`, `deletada`) VALUES (null,'Categoria 1',0);
INSERT INTO `categorias`(`cod`, `nome`, `deletada`) VALUES (null,'Categoria 2',0);
INSERT INTO `categorias`(`cod`, `nome`, `deletada`) VALUES (null,'Categoria 3',0);
INSERT INTO `categorias`(`cod`, `nome`, `deletada`) VALUES (null,'Categoria 4',0);
INSERT INTO `categorias`(`cod`, `nome`, `deletada`) VALUES (null,'Categoria 5',0);
INSERT INTO `categorias`(`cod`, `nome`, `deletada`) VALUES (null,'Categoria 6',0);
INSERT INTO `categorias`(`cod`, `nome`, `deletada`) VALUES (null,'Categoria 7',0);
INSERT INTO `categorias`(`cod`, `nome`, `deletada`) VALUES (null,'Árabe',1);
INSERT INTO `categorias`(`cod`, `nome`, `deletada`) VALUES (null,'italiano',1);

-- Inserções de Adicionais

INSERT INTO `adicionais`(`cod`, `cod_produto`, `cod_categoria`) 
VALUES (null,35,1);
INSERT INTO `adicionais`(`cod`, `cod_produto`, `cod_categoria`) 
VALUES (null,36,1);
INSERT INTO `adicionais`(`cod`, `cod_produto`, `cod_categoria`) 
VALUES (null,37,1);
INSERT INTO `adicionais`(`cod`, `cod_produto`, `cod_categoria`) 
VALUES (null,38,1);
INSERT INTO `adicionais`(`cod`, `cod_produto`, `cod_categoria`) 
VALUES (null,39,1);
INSERT INTO `adicionais`(`cod`, `cod_produto`, `cod_categoria`) 
VALUES (null,11,2);
INSERT INTO `adicionais`(`cod`, `cod_produto`, `cod_categoria`) 
VALUES (null,12,2);
INSERT INTO `adicionais`(`cod`, `cod_produto`, `cod_categoria`) 
VALUES (null,13,2);
INSERT INTO `adicionais`(`cod`, `cod_produto`, `cod_categoria`) 
VALUES (null,14,2);
INSERT INTO `adicionais`(`cod`, `cod_produto`, `cod_categoria`) 
VALUES (null,15,2);
INSERT INTO `adicionais`(`cod`, `cod_produto`, `cod_categoria`) 
VALUES (null,16,2);
INSERT INTO `adicionais`(`cod`, `cod_produto`, `cod_categoria`) 
VALUES (null,17,2);
INSERT INTO `adicionais`(`cod`, `cod_produto`, `cod_categoria`) 
VALUES (null,18,2);
INSERT INTO `adicionais`(`cod`, `cod_produto`, `cod_categoria`) 
VALUES (null,19,2);
INSERT INTO `adicionais`(`cod`, `cod_produto`, `cod_categoria`) 
VALUES (null,20,2);
INSERT INTO `adicionais`(`cod`, `cod_produto`, `cod_categoria`) 
VALUES (null,21,3);
INSERT INTO `adicionais`(`cod`, `cod_produto`, `cod_categoria`) 
VALUES (null,22,3);
INSERT INTO `adicionais`(`cod`, `cod_produto`, `cod_categoria`) 
VALUES (null,23,3);
INSERT INTO `adicionais`(`cod`, `cod_produto`, `cod_categoria`) 
VALUES (null,24,3);
INSERT INTO `adicionais`(`cod`, `cod_produto`, `cod_categoria`) 
VALUES (null,27,4);
INSERT INTO `adicionais`(`cod`, `cod_produto`, `cod_categoria`) 
VALUES (null,28,4);

-- Inserções de Tipo Prato

INSERT INTO `tipo_prato`(`cod`, `nome`, `foto_url`, `deletada`) 
VALUES (null,'Massa Comum',null,0);
INSERT INTO `tipo_prato`(`cod`, `nome`, `foto_url`, `deletada`) 
VALUES (null,'Massa Fresca',null,0);
INSERT INTO `tipo_prato`(`cod`, `nome`, `foto_url`, `deletada`) 
VALUES (null,'Mexidão',null,0);
INSERT INTO `tipo_prato`(`cod`, `nome`, `foto_url`, `deletada`) 
VALUES (null,'Panqueca',null,0);
INSERT INTO `tipo_prato`(`cod`, `nome`, `foto_url`, `deletada`) 
VALUES (null,'Bife à Parmegiana',null,0);
INSERT INTO `tipo_prato`(`cod`, `nome`, `foto_url`, `deletada`) 
VALUES (null,'Strogonoff',null,0);
INSERT INTO `tipo_prato`(`cod`, `nome`, `foto_url`, `deletada`) 
VALUES (null,'Pizza',null,0);
INSERT INTO `tipo_prato`(`cod`, `nome`, `foto_url`, `deletada`) 
VALUES (null,'Massa Doce',null,0);
INSERT INTO `tipo_prato`(`cod`, `nome`, `foto_url`, `deletada`) 
VALUES (null,'Jantinha',null,0);
INSERT INTO `tipo_prato`(`cod`, `nome`, `foto_url`, `deletada`) 
VALUES (null,'Churrasco',null,0);

-- Inserções de Variedades

INSERT INTO `variedades`(`cod`, `nome`, `deletada`) VALUES (null,'Espaguete',0);
INSERT INTO `variedades`(`cod`, `nome`, `deletada`) VALUES (null,'Gravatinha',0);
INSERT INTO `variedades`(`cod`, `nome`, `deletada`) VALUES (null,'Penne',0);
INSERT INTO `variedades`(`cod`, `nome`, `deletada`) VALUES (null,'nhoque',0);
INSERT INTO `variedades`(`cod`, `nome`, `deletada`) VALUES (null,'raviolli',0);
INSERT INTO `variedades`(`cod`, `nome`, `deletada`) VALUES (null,'panqueca',0);

-- Inserções de Pratos

INSERT INTO `cprdb`.`pratos` (`cod`, `cod_tipo_prato`, `nome`, `valor`, `descricao`, `deletada`, `foto_url`) 
VALUES (NULL, '1', 'Prato Comum 1 Grande', '15', 'teste aksldjf askfj aslk fjas klfjalskj flkasj fkjasdfk jaskj flkajsl fjalskjf lkasj fklajsd kfljaskl fjasklj fklasj fkljas ', '0', NULL);
INSERT INTO `cprdb`.`pratos` (`cod`, `cod_tipo_prato`, `nome`, `valor`, `descricao`, `deletada`, `foto_url`) 
VALUES (NULL, '1', 'Prato Comum 2', '16', 'teste aksldjf askfj aslk fjas klfjalskj flkasj fkjasdfk jaskj flkajsl fjalskjf lkasj fklajsd kfljaskl fjasklj fklasj fkljas ', '0', NULL);
INSERT INTO `cprdb`.`pratos` (`cod`, `cod_tipo_prato`, `nome`, `valor`, `descricao`, `deletada`, `foto_url`) 
VALUES (NULL, '1', 'Prato Comum 3 Grande', '17', 'teste aksldjf askfj aslk fjas klfjalskj flkasj fkjasdfk jaskj flkajsl fjalskjf lkasj fklajsd kfljaskl fjasklj fklasj fkljas ', '0', NULL);
INSERT INTO `cprdb`.`pratos` (`cod`, `cod_tipo_prato`, `nome`, `valor`, `descricao`, `deletada`, `foto_url`) 
VALUES (NULL, '1', 'Prato Comum 4', '18', 'teste aksldjf askfj aslk fjas klfjalskj flkasj fkjasdfk jaskj flkajsl fjalskjf lkasj fklajsd kfljaskl fjasklj fklasj fkljas ', '0', NULL);
INSERT INTO `cprdb`.`pratos` (`cod`, `cod_tipo_prato`, `nome`, `valor`, `descricao`, `deletada`, `foto_url`) 
VALUES (NULL, '1', 'Prato Comum 5 Grande', '15', 'teste aksldjf askfj aslk fjas klfjalskj flkasj fkjasdfk jaskj flkajsl fjalskjf lkasj fklajsd kfljaskl fjasklj fklasj fkljas ', '0', NULL);
INSERT INTO `cprdb`.`pratos` (`cod`, `cod_tipo_prato`, `nome`, `valor`, `descricao`, `deletada`, `foto_url`) 
VALUES (NULL, '1', 'Prato Comum 6', '6', 'teste aksldjf askfj aslk fjas klfjalskj flkasj fkjasdfk jaskj flkajsl fjalskjf lkasj fklajsd kfljaskl fjasklj fklasj fkljas ', '1', NULL);
INSERT INTO `cprdb`.`pratos` (`cod`, `cod_tipo_prato`, `nome`, `valor`, `descricao`, `deletada`, `foto_url`) 
VALUES (NULL, '2', 'Prato Fresco 1 Pequeno', '12.55', 'aksldjf asdklfj jfdsakl lksajdf jsald', '0', NULL);
INSERT INTO `cprdb`.`pratos` (`cod`, `cod_tipo_prato`, `nome`, `valor`, `descricao`, `deletada`, `foto_url`) 
VALUES (NULL, '2', 'Prato Fresco 2 Grande', '11.55', 'aksldjf asdklfj jfdsakl lksajdf jsald', '0', NULL);
INSERT INTO `cprdb`.`pratos` (`cod`, `cod_tipo_prato`, `nome`, `valor`, `descricao`, `deletada`, `foto_url`) 
VALUES (NULL, '2', 'Prato Fresco 3', '10.55', 'aksldjf asdklfj jfdsakl lksajdf jsald', '0', NULL);
INSERT INTO `cprdb`.`pratos` (`cod`, `cod_tipo_prato`, `nome`, `valor`, `descricao`, `deletada`, `foto_url`) 
VALUES (NULL, '2', 'Prato Fresco 4 Grande', '9.55', 'aksldjf asdklfj jfdsakl lksajdf jsald', '0', NULL);
INSERT INTO `cprdb`.`pratos` (`cod`, `cod_tipo_prato`, `nome`, `valor`, `descricao`, `deletada`, `foto_url`) 
VALUES (NULL, '2', 'Prato Fresco 5 Pequeno', '8.55', 'aksldjf asdklfj jfdsakl lksajdf jsald', '0', NULL);
INSERT INTO `cprdb`.`pratos` (`cod`, `cod_tipo_prato`, `nome`, `valor`, `descricao`, `deletada`, `foto_url`) 
VALUES (NULL, '2', 'Prato Fresco 6 Grande', '15.55', 'aksldjf asdklfj jfdsakl lksajdf jsald', '1', NULL);
INSERT INTO `cprdb`.`pratos` (`cod`, `cod_tipo_prato`, `nome`, `valor`, `descricao`, `deletada`, `foto_url`) 
VALUES (NULL, '2', 'Prato Fresco 7 Pequeno', '5.55', 'aksldjf asdklfj jfdsakl lksajdf jsald', '1', NULL);
INSERT INTO `cprdb`.`pratos` (`cod`, `cod_tipo_prato`, `nome`, `valor`, `descricao`, `deletada`, `foto_url`)
VALUES (NULL, '3', 'Big Mexidão ', '20.50', 'Muito gostoso esse mexidão', '0', NULL);
INSERT INTO `cprdb`.`pratos` (`cod`, `cod_tipo_prato`, `nome`, `valor`, `descricao`, `deletada`, `foto_url`) 
VALUES (NULL, '4', 'Panqueca de Carne', '12', NULL, '0', NULL);
INSERT INTO `cprdb`.`pratos` (`cod`, `cod_tipo_prato`, `nome`, `valor`, `descricao`, `deletada`, `foto_url`) 
VALUES (NULL, '4', 'Panqueca de Frango', '12', NULL, '0', NULL);
INSERT INTO `cprdb`.`pratos` (`cod`, `cod_tipo_prato`, `nome`, `valor`, `descricao`, `deletada`, `foto_url`) 
VALUES (NULL, '4', 'Panqueca de Peixe', '12', NULL, '0', NULL);

-- Inserções de Prato Categorias
INSERT INTO `cprdb`.`prato_categoria` (`cod_prato`, `cod_categoria`, `limite`) 
VALUES ('1', '2', '-1');
INSERT INTO `cprdb`.`prato_categoria` (`cod_prato`, `cod_categoria`, `limite`) 
VALUES ('3', '2', '1');
INSERT INTO `cprdb`.`prato_categoria` (`cod_prato`, `cod_categoria`, `limite`) 
VALUES ('5', '2', '2');
INSERT INTO `cprdb`.`prato_categoria` (`cod_prato`, `cod_categoria`, `limite`) 
VALUES ('7', '2', '3');
INSERT INTO `cprdb`.`prato_categoria` (`cod_prato`, `cod_categoria`, `limite`) 
VALUES ('9', '2', '-1');
INSERT INTO `cprdb`.`prato_categoria` (`cod_prato`, `cod_categoria`, `limite`) 
VALUES ('11', '2', '1');
INSERT INTO `cprdb`.`prato_categoria` (`cod_prato`, `cod_categoria`, `limite`) 
VALUES ('13', '2', '2');
INSERT INTO `cprdb`.`prato_categoria` (`cod_prato`, `cod_categoria`, `limite`) 
VALUES ('15', '2', '3');
INSERT INTO `cprdb`.`prato_categoria` (`cod_prato`, `cod_categoria`, `limite`) 
VALUES ('17', '2', '-1');
INSERT INTO `cprdb`.`prato_categoria` (`cod_prato`, `cod_categoria`, `limite`) 
VALUES ('2', '1', '1');
INSERT INTO `cprdb`.`prato_categoria` (`cod_prato`, `cod_categoria`, `limite`) 
VALUES ('4', '1', '1');
INSERT INTO `cprdb`.`prato_categoria` (`cod_prato`, `cod_categoria`, `limite`) 
VALUES ('6', '1', '2');
INSERT INTO `cprdb`.`prato_categoria` (`cod_prato`, `cod_categoria`, `limite`) 
VALUES ('8', '1', '1');
INSERT INTO `cprdb`.`prato_categoria` (`cod_prato`, `cod_categoria`, `limite`) 
VALUES ('10', '1', '1');
INSERT INTO `cprdb`.`prato_categoria` (`cod_prato`, `cod_categoria`, `limite`) 
VALUES ('12', '1', '2');
INSERT INTO `cprdb`.`prato_categoria` (`cod_prato`, `cod_categoria`, `limite`) 
VALUES ('14', '1', '1');
INSERT INTO `cprdb`.`prato_categoria` (`cod_prato`, `cod_categoria`, `limite`) 
VALUES ('16', '1', '1');

-- Inserções para Prato Variedades

INSERT INTO `cprdb`.`prato_variedade` (`cod_prato`, `cod_variedade`)
 VALUES ('1', '1');
 INSERT INTO `cprdb`.`prato_variedade` (`cod_prato`, `cod_variedade`)
 VALUES ('1', '2');
 INSERT INTO `cprdb`.`prato_variedade` (`cod_prato`, `cod_variedade`)
 VALUES ('1', '3');
 INSERT INTO `cprdb`.`prato_variedade` (`cod_prato`, `cod_variedade`)
 VALUES ('2', '1');
 INSERT INTO `cprdb`.`prato_variedade` (`cod_prato`, `cod_variedade`)
 VALUES ('2', '2');
 INSERT INTO `cprdb`.`prato_variedade` (`cod_prato`, `cod_variedade`)
 VALUES ('3', '3');
 INSERT INTO `cprdb`.`prato_variedade` (`cod_prato`, `cod_variedade`)
 VALUES ('4', '1');
 INSERT INTO `cprdb`.`prato_variedade` (`cod_prato`, `cod_variedade`)
 VALUES ('4', '2');
 INSERT INTO `cprdb`.`prato_variedade` (`cod_prato`, `cod_variedade`)
 VALUES ('4', '3');
 INSERT INTO `cprdb`.`prato_variedade` (`cod_prato`, `cod_variedade`)
 VALUES ('5', '1');
 INSERT INTO `cprdb`.`prato_variedade` (`cod_prato`, `cod_variedade`)
 VALUES ('5', '2');
 INSERT INTO `cprdb`.`prato_variedade` (`cod_prato`, `cod_variedade`)
 VALUES ('6', '4');
 INSERT INTO `cprdb`.`prato_variedade` (`cod_prato`, `cod_variedade`)
 VALUES ('6', '5');
 INSERT INTO `cprdb`.`prato_variedade` (`cod_prato`, `cod_variedade`)
 VALUES ('6', '6');
 INSERT INTO `cprdb`.`prato_variedade` (`cod_prato`, `cod_variedade`)
 VALUES ('7', '4');
INSERT INTO `cprdb`.`prato_variedade` (`cod_prato`, `cod_variedade`)
 VALUES ('7', '5');
 INSERT INTO `cprdb`.`prato_variedade` (`cod_prato`, `cod_variedade`)
 VALUES ('8', '6');


 INSERT INTO `cprdb`.`comentarios` (`cod`, `cod_cliente`, `tipo`, `horario`, `data`, `mensagem`, `status`)
 VALUES (NULL, '1', '1', '09:30:31', '2016-02-04', 'lsdjf asklfj askdfj lkasdjf akslfj lkasfj lkasdjf aks jflaskdfj alsk fjsalk fjaslk fjasldkfj lkasjd flkjasdlkf jaslkdjf ', '1');
INSERT INTO `cprdb`.`comentarios` (`cod`, `cod_cliente`, `tipo`, `horario`, `data`, `mensagem`, `status`)
 VALUES (NULL, '1', '1', '09:30:31', '2016-02-04', 'lsdjf asklfj askdfj lkasdjf akslfj lkasfj lkasdjf aks jflaskdfj alsk fjsalk fjaslk fjasldkfj lkasjd flkjasdlkf jaslkdjf ', '2');
 INSERT INTO `cprdb`.`comentarios` (`cod`, `cod_cliente`, `tipo`, `horario`, `data`, `mensagem`, `status`)
 VALUES (NULL, '1', '1', '09:30:31', '2016-02-04', 'lsdjf asklfj askdfj lkasdjf akslfj lkasfj lkasdjf aks jflaskdfj alsk fjsalk fjaslk fjasldkfj lkasjd flkjasdlkf jaslkdjf ', '1');
 INSERT INTO `cprdb`.`comentarios` (`cod`, `cod_cliente`, `tipo`, `horario`, `data`, `mensagem`, `status`)
 VALUES (NULL, '1', '2', '09:30:31', '2016-02-04', 'lsdjf asklfj askdfj lkasdjf akslfj lkasfj lkasdjf aks jflaskdfj alsk fjsalk fjaslk fjasldkfj lkasjd flkjasdlkf jaslkdjf ', '2');
 INSERT INTO `cprdb`.`comentarios` (`cod`, `cod_cliente`, `tipo`, `horario`, `data`, `mensagem`, `status`)
 VALUES (NULL, '1', '3', '09:30:31', '2016-02-04', 'lsdjf asklfj askdfj lkasdjf akslfj lkasfj lkasdjf aks jflaskdfj alsk fjsalk fjaslk fjasldkfj lkasjd flkjasdlkf jaslkdjf ', '1');
 INSERT INTO `cprdb`.`comentarios` (`cod`, `cod_cliente`, `tipo`, `horario`, `data`, `mensagem`, `status`)
 VALUES (NULL, '1', '2', '09:30:31', '2016-02-04', 'lsdjf asklfj askdfj lkasdjf akslfj lkasfj lkasdjf aks jflaskdfj alsk fjsalk fjaslk fjasldkfj lkasjd flkjasdlkf jaslkdjf ', '2');
INSERT INTO `cprdb`.`comentarios` (`cod`, `cod_cliente`, `tipo`, `horario`, `data`, `mensagem`, `status`)
 VALUES (NULL, '1', '2', '09:30:31', '2016-02-04', 'lsdjf asklfj askdfj lkasdjf akslfj lkasfj lkasdjf aks jflaskdfj alsk fjsalk fjaslk fjasldkfj lkasjd flkjasdlkf jaslkdjf ', '1');
 INSERT INTO `cprdb`.`comentarios` (`cod`, `cod_cliente`, `tipo`, `horario`, `data`, `mensagem`, `status`)
 VALUES (NULL, '2', '2', '09:30:31', '2016-02-04', 'lsdjf asklfj askdfj lkasdjf akslfj lkasfj lkasdjf aks jflaskdfj alsk fjsalk fjaslk fjasldkfj lkasjd flkjasdlkf jaslkdjf ', '2');
 INSERT INTO `cprdb`.`comentarios` (`cod`, `cod_cliente`, `tipo`, `horario`, `data`, `mensagem`, `status`)
 VALUES (NULL, '2', '1', '09:30:31', '2016-02-04', 'lsdjf asklfj askdfj lkasdjf akslfj lkasfj lkasdjf aks jflaskdfj alsk fjsalk fjaslk fjasldkfj lkasjd flkjasdlkf jaslkdjf ', '1');
 INSERT INTO `cprdb`.`comentarios` (`cod`, `cod_cliente`, `tipo`, `horario`, `data`, `mensagem`, `status`)
 VALUES (NULL, '2', '3', '09:30:31', '2016-02-04', 'lsdjf asklfj askdfj lkasdjf akslfj lkasfj lkasdjf aks jflaskdfj alsk fjsalk fjaslk fjasldkfj lkasjd flkjasdlkf jaslkdjf ', '1');
 INSERT INTO `cprdb`.`comentarios` (`cod`, `cod_cliente`, `tipo`, `horario`, `data`, `mensagem`, `status`)
 VALUES (NULL, '2', '3', '09:30:31', '2016-02-04', 'lsdjf asklfj askdfj lkasdjf akslfj lkasfj lkasdjf aks jflaskdfj alsk fjsalk fjaslk fjasldkfj lkasjd flkjasdlkf jaslkdjf ', '2');
 INSERT INTO `cprdb`.`comentarios` (`cod`, `cod_cliente`, `tipo`, `horario`, `data`, `mensagem`, `status`)
 VALUES (NULL, '2', '2', '09:30:31', '2016-02-04', 'lsdjf asklfj askdfj lkasdjf akslfj lkasfj lkasdjf aks jflaskdfj alsk fjsalk fjaslk fjasldkfj lkasjd flkjasdlkf jaslkdjf ', '2');


